Sale_ID,Order_Date,Customer_ID,Product_ID,Quantity,Unit_Price,Unit_Cost,Total_Sales,Profit
1,2024-04-09,213,26,2,299.96,169.12,599.92,261.68
2,2023-11-17,161,28,5,376.68,252.0,1883.4,623.4
3,2024-01-19,243,10,2,278.26,192.08,556.52,172.36
4,2023-04-04,48,6,7,403.88,260.24,2827.16,1005.48
5,2023-04-09,191,48,3,35.0,22.92,105.0,36.24
6,2024-07-23,288,4,9,18.14,8.52,163.26,86.58
7,2023-12-04,63,43,7,259.51,129.1,1816.57,912.87
8,2023-12-29,217,43,1,259.51,129.1,259.51,130.41
9,2023-10-22,160,39,6,326.69,180.77,1960.14,875.52
10,2023-04-17,260,37,4,266.2,163.0,1064.8,412.8
11,2023-06-08,247,43,4,259.51,129.1,1038.04,521.64
12,2025-05-17,180,7,9,111.58,74.45,1004.22,334.17
13,2024-01-12,143,8,10,52.87,36.83,528.7,160.4
14,2023-08-20,288,28,10,376.68,252.0,3766.8,1246.8
15,2024-09-20,286,44,1,70.49,51.28,70.49,19.21
16,2024-09-15,137,43,1,259.51,129.1,259.51,130.41
17,2023-07-04,159,18,6,411.79,280.74,2470.74,786.3
18,2023-12-26,93,1,3,372.07,180.72,1116.21,574.05
19,2024-08-02,206,43,2,259.51,129.1,519.02,260.82
20,2023-05-26,16,48,2,35.0,22.92,70.0,24.16
21,2025-02-03,111,34,7,404.35,195.63,2830.45,1461.04
22,2024-03-05,175,30,3,486.08,324.06,1458.24,486.06
23,2024-01-14,167,20,10,329.44,177.39,3294.4,1520.5
24,2024-09-02,27,6,3,403.88,260.24,1211.64,430.92
25,2023-06-11,26,49,2,99.84,58.68,199.68,82.32
26,2023-10-06,218,29,8,220.21,123.05,1761.68,777.28
27,2024-09-13,213,29,5,220.21,123.05,1101.05,485.8
28,2023-08-09,263,49,2,99.84,58.68,199.68,82.32
29,2023-12-20,57,28,5,376.68,252.0,1883.4,623.4
30,2024-11-25,250,44,9,70.49,51.28,634.41,172.89
31,2024-11-14,24,20,4,329.44,177.39,1317.76,608.2
32,2024-02-09,29,39,1,326.69,180.77,326.69,145.92
33,2023-07-29,109,20,3,329.44,177.39,988.32,456.15
34,2025-02-21,149,17,6,113.71,58.39,682.26,331.92
35,2023-05-03,255,1,7,372.07,180.72,2604.49,1339.45
36,2023-06-29,195,9,9,26.51,14.87,238.59,104.76
37,2024-12-21,257,15,9,40.34,25.1,363.06,137.16
38,2025-05-03,182,43,2,259.51,129.1,519.02,260.82
39,2024-02-11,22,48,7,35.0,22.92,245.0,84.56
40,2023-01-20,40,30,6,486.08,324.06,2916.48,972.12
41,2024-08-12,294,28,7,376.68,252.0,2636.76,872.76
42,2024-12-27,214,41,5,118.91,56.73,594.55,310.9
43,2023-04-28,11,26,6,299.96,169.12,1799.76,785.04
44,2023-06-25,236,40,6,127.71,53.95,766.26,442.56
45,2023-04-01,55,28,4,376.68,252.0,1506.72,498.72
46,2024-03-22,206,38,9,366.32,172.32,3296.88,1746.0
47,2023-03-22,159,26,6,299.96,169.12,1799.76,785.04
48,2023-08-15,87,22,2,374.77,206.11,749.54,337.32
49,2024-06-06,59,41,9,118.91,56.73,1070.19,559.62
50,2024-06-06,179,13,6,142.6,88.77,855.6,322.98
51,2025-01-14,76,42,4,34.14,14.46,136.56,78.72
52,2023-04-16,132,10,4,278.26,192.08,1113.04,344.72
53,2023-06-27,79,39,2,326.69,180.77,653.38,291.84
54,2023-07-01,253,50,8,142.88,69.64,1143.04,585.92
55,2025-02-11,297,37,8,266.2,163.0,2129.6,825.6
56,2024-11-28,166,37,6,266.2,163.0,1597.2,619.2
57,2023-06-04,35,29,8,220.21,123.05,1761.68,777.28
58,2024-03-28,156,41,5,118.91,56.73,594.55,310.9
59,2024-08-28,181,4,9,18.14,8.52,163.26,86.58
60,2023-03-17,237,20,8,329.44,177.39,2635.52,1216.4
61,2023-02-08,189,4,5,18.14,8.52,90.7,48.1
62,2023-03-20,47,42,10,34.14,14.46,341.4,196.8
63,2024-08-31,197,33,8,301.48,172.15,2411.84,1034.64
64,2024-08-17,22,36,8,67.25,42.43,538.0,198.56
65,2025-04-09,97,37,6,266.2,163.0,1597.2,619.2
66,2024-09-11,257,31,3,314.52,218.46,943.56,288.18
67,2023-03-05,53,29,6,220.21,123.05,1321.26,582.96
68,2025-01-01,259,6,3,403.88,260.24,1211.64,430.92
69,2023-02-10,225,16,8,85.88,45.76,687.04,320.96
70,2024-06-20,82,34,6,404.35,195.63,2426.1,1252.32
71,2024-01-17,199,19,7,109.44,79.89,766.08,206.85
72,2025-03-04,27,22,6,374.77,206.11,2248.62,1011.96
73,2023-03-09,49,22,9,374.77,206.11,3372.93,1517.94
74,2024-11-25,146,25,5,397.08,217.5,1985.4,897.9
75,2025-01-11,77,43,6,259.51,129.1,1557.06,782.46
76,2023-03-25,73,38,6,366.32,172.32,2197.92,1164.0
77,2023-11-14,201,42,3,34.14,14.46,102.42,59.04
78,2024-09-01,44,46,5,52.98,29.18,264.9,119.0
79,2024-07-26,169,25,3,397.08,217.5,1191.24,538.74
80,2024-11-17,270,45,2,125.28,70.85,250.56,108.86
81,2024-10-23,217,43,9,259.51,129.1,2335.59,1173.69
82,2024-01-06,186,2,5,339.97,242.15,1699.85,489.1
83,2023-07-04,175,14,8,180.86,114.77,1446.88,528.72
84,2023-07-16,71,15,3,40.34,25.1,121.02,45.72
85,2023-03-21,52,19,9,109.44,79.89,984.96,265.95
86,2025-02-28,270,35,1,47.4,27.02,47.4,20.38
87,2024-11-08,68,22,10,374.77,206.11,3747.7,1686.6
88,2024-01-21,84,10,3,278.26,192.08,834.78,258.54
89,2025-05-01,85,45,8,125.28,70.85,1002.24,435.44
90,2023-02-14,187,27,4,471.5,300.86,1886.0,682.56
91,2024-03-30,146,40,8,127.71,53.95,1021.68,590.08
92,2023-08-28,123,35,5,47.4,27.02,237.0,101.9
93,2025-04-08,100,31,6,314.52,218.46,1887.12,576.36
94,2024-11-25,226,37,8,266.2,163.0,2129.6,825.6
95,2025-02-26,196,19,9,109.44,79.89,984.96,265.95
96,2024-06-24,83,27,4,471.5,300.86,1886.0,682.56
97,2025-03-31,71,39,5,326.69,180.77,1633.45,729.6
98,2023-02-23,247,42,6,34.14,14.46,204.84,118.08
99,2024-07-21,265,7,2,111.58,74.45,223.16,74.26
100,2023-10-19,83,6,5,403.88,260.24,2019.4,718.2
101,2024-04-05,76,33,7,301.48,172.15,2110.36,905.31
102,2023-04-04,231,15,6,40.34,25.1,242.04,91.44
103,2023-01-28,28,27,7,471.5,300.86,3300.5,1194.48
104,2024-05-29,121,24,7,379.11,265.9,2653.77,792.47
105,2023-03-25,115,24,1,379.11,265.9,379.11,113.21
106,2023-11-23,172,7,3,111.58,74.45,334.74,111.39
107,2023-05-21,147,3,8,20.73,8.97,165.84,94.08
108,2024-12-13,241,9,8,26.51,14.87,212.08,93.12
109,2024-09-22,41,1,1,372.07,180.72,372.07,191.35
110,2023-09-20,77,14,9,180.86,114.77,1627.74,594.81
111,2025-01-14,271,39,7,326.69,180.77,2286.83,1021.44
112,2023-04-24,148,50,4,142.88,69.64,571.52,292.96
113,2023-11-05,25,8,4,52.87,36.83,211.48,64.16
114,2024-03-05,235,41,2,118.91,56.73,237.82,124.36
115,2023-04-24,275,32,1,80.66,53.79,80.66,26.87
116,2024-10-09,295,33,4,301.48,172.15,1205.92,517.32
117,2025-01-05,150,10,7,278.26,192.08,1947.82,603.26
118,2023-01-02,181,40,4,127.71,53.95,510.84,295.04
119,2024-08-07,96,27,2,471.5,300.86,943.0,341.28
120,2024-06-20,35,24,9,379.11,265.9,3411.99,1018.89
121,2024-07-11,260,33,9,301.48,172.15,2713.32,1163.97
122,2023-01-21,241,25,1,397.08,217.5,397.08,179.58
123,2024-10-12,192,25,5,397.08,217.5,1985.4,897.9
124,2025-02-04,183,2,2,339.97,242.15,679.94,195.64
125,2023-12-20,54,16,10,85.88,45.76,858.8,401.2
126,2025-01-22,171,49,3,99.84,58.68,299.52,123.48
127,2023-02-15,280,23,6,113.56,85.07,681.36,170.94
128,2025-04-13,90,42,8,34.14,14.46,273.12,157.44
129,2024-12-13,94,31,3,314.52,218.46,943.56,288.18
130,2023-03-06,235,46,1,52.98,29.18,52.98,23.8
131,2023-10-28,23,13,4,142.6,88.77,570.4,215.32
132,2023-02-12,159,21,9,136.12,66.2,1225.08,629.28
133,2024-02-12,243,35,5,47.4,27.02,237.0,101.9
134,2023-02-07,98,49,5,99.84,58.68,499.2,205.8
135,2024-01-01,25,50,6,142.88,69.64,857.28,439.44
136,2023-10-07,189,8,7,52.87,36.83,370.09,112.28
137,2024-02-14,226,48,7,35.0,22.92,245.0,84.56
138,2023-12-14,255,12,8,148.25,63.44,1186.0,678.48
139,2024-01-12,137,34,2,404.35,195.63,808.7,417.44
140,2025-01-14,41,28,7,376.68,252.0,2636.76,872.76
141,2024-09-08,280,12,5,148.25,63.44,741.25,424.05
142,2023-11-25,41,7,6,111.58,74.45,669.48,222.78
143,2024-11-07,157,19,8,109.44,79.89,875.52,236.4
144,2024-09-09,219,46,3,52.98,29.18,158.94,71.4
145,2024-12-07,180,29,8,220.21,123.05,1761.68,777.28
146,2023-02-13,181,47,10,432.6,181.24,4326.0,2513.6
147,2024-03-21,30,18,2,411.79,280.74,823.58,262.1
148,2024-11-18,208,41,6,118.91,56.73,713.46,373.08
149,2024-06-09,82,48,1,35.0,22.92,35.0,12.08
150,2023-05-27,225,39,1,326.69,180.77,326.69,145.92
151,2023-05-10,121,5,6,212.66,118.5,1275.96,564.96
152,2024-01-06,291,25,1,397.08,217.5,397.08,179.58
153,2024-09-11,231,10,6,278.26,192.08,1669.56,517.08
154,2024-01-16,40,29,10,220.21,123.05,2202.1,971.6
155,2023-05-21,188,34,7,404.35,195.63,2830.45,1461.04
156,2023-11-18,143,42,4,34.14,14.46,136.56,78.72
157,2023-04-27,96,2,8,339.97,242.15,2719.76,782.56
158,2024-06-14,288,25,2,397.08,217.5,794.16,359.16
159,2023-09-26,134,50,8,142.88,69.64,1143.04,585.92
160,2023-08-08,147,40,8,127.71,53.95,1021.68,590.08
161,2023-07-24,70,8,2,52.87,36.83,105.74,32.08
162,2024-04-07,228,12,2,148.25,63.44,296.5,169.62
163,2025-04-09,164,44,6,70.49,51.28,422.94,115.26
164,2024-12-27,282,5,9,212.66,118.5,1913.94,847.44
165,2023-10-25,81,20,3,329.44,177.39,988.32,456.15
166,2025-03-23,261,24,4,379.11,265.9,1516.44,452.84
167,2023-05-05,72,13,4,142.6,88.77,570.4,215.32
168,2025-03-20,14,32,6,80.66,53.79,483.96,161.22
169,2024-07-21,189,37,8,266.2,163.0,2129.6,825.6
170,2025-04-02,67,36,10,67.25,42.43,672.5,248.2
171,2023-03-30,159,5,7,212.66,118.5,1488.62,659.12
172,2025-01-04,246,47,9,432.6,181.24,3893.4,2262.24
173,2024-02-25,210,50,10,142.88,69.64,1428.8,732.4
174,2023-03-17,163,9,2,26.51,14.87,53.02,23.28
175,2024-04-05,265,30,6,486.08,324.06,2916.48,972.12
176,2023-05-12,283,50,10,142.88,69.64,1428.8,732.4
177,2023-07-06,67,50,7,142.88,69.64,1000.16,512.68
178,2024-05-29,64,4,9,18.14,8.52,163.26,86.58
179,2023-06-06,85,20,3,329.44,177.39,988.32,456.15
180,2023-11-27,116,46,6,52.98,29.18,317.88,142.8
181,2024-06-15,41,19,5,109.44,79.89,547.2,147.75
182,2023-07-21,283,41,5,118.91,56.73,594.55,310.9
183,2023-05-09,156,41,10,118.91,56.73,1189.1,621.8
184,2024-06-30,258,6,3,403.88,260.24,1211.64,430.92
185,2024-08-29,79,38,3,366.32,172.32,1098.96,582.0
186,2024-11-05,173,40,10,127.71,53.95,1277.1,737.6
187,2023-02-12,42,2,1,339.97,242.15,339.97,97.82
188,2024-10-18,296,50,5,142.88,69.64,714.4,366.2
189,2024-10-28,293,14,7,180.86,114.77,1266.02,462.63
190,2024-09-24,16,41,8,118.91,56.73,951.28,497.44
191,2024-10-04,149,35,5,47.4,27.02,237.0,101.9
192,2024-05-09,208,16,5,85.88,45.76,429.4,200.6
193,2024-04-09,31,5,3,212.66,118.5,637.98,282.48
194,2024-03-26,248,27,8,471.5,300.86,3772.0,1365.12
195,2023-07-28,74,22,6,374.77,206.11,2248.62,1011.96
196,2025-06-01,164,46,6,52.98,29.18,317.88,142.8
197,2024-02-13,190,9,9,26.51,14.87,238.59,104.76
198,2024-07-29,164,7,4,111.58,74.45,446.32,148.52
199,2024-04-22,137,8,8,52.87,36.83,422.96,128.32
200,2023-09-11,50,10,1,278.26,192.08,278.26,86.18
201,2023-10-25,215,25,4,397.08,217.5,1588.32,718.32
202,2025-06-05,168,11,10,100.18,42.51,1001.8,576.7
203,2025-01-08,98,21,3,136.12,66.2,408.36,209.76
204,2024-05-25,240,33,8,301.48,172.15,2411.84,1034.64
205,2025-06-19,255,20,1,329.44,177.39,329.44,152.05
206,2023-04-03,259,26,8,299.96,169.12,2399.68,1046.72
207,2023-09-04,299,14,6,180.86,114.77,1085.16,396.54
208,2023-02-19,145,4,8,18.14,8.52,145.12,76.96
209,2024-09-03,241,42,5,34.14,14.46,170.7,98.4
210,2024-07-03,56,1,7,372.07,180.72,2604.49,1339.45
211,2023-05-18,188,17,7,113.71,58.39,795.97,387.24
212,2024-01-10,206,3,1,20.73,8.97,20.73,11.76
213,2024-08-06,100,36,6,67.25,42.43,403.5,148.92
214,2024-07-20,38,19,7,109.44,79.89,766.08,206.85
215,2024-05-31,282,29,5,220.21,123.05,1101.05,485.8
216,2025-04-25,61,40,3,127.71,53.95,383.13,221.28
217,2023-04-10,192,26,6,299.96,169.12,1799.76,785.04
218,2024-07-25,74,24,4,379.11,265.9,1516.44,452.84
219,2024-09-08,206,33,9,301.48,172.15,2713.32,1163.97
220,2023-02-11,20,3,3,20.73,8.97,62.19,35.28
221,2024-12-31,243,22,9,374.77,206.11,3372.93,1517.94
222,2024-04-12,264,10,3,278.26,192.08,834.78,258.54
223,2023-12-02,164,40,3,127.71,53.95,383.13,221.28
224,2024-02-07,154,40,10,127.71,53.95,1277.1,737.6
225,2023-12-11,261,33,9,301.48,172.15,2713.32,1163.97
226,2024-05-16,289,46,5,52.98,29.18,264.9,119.0
227,2024-05-01,189,2,6,339.97,242.15,2039.82,586.92
228,2024-11-20,214,8,10,52.87,36.83,528.7,160.4
229,2023-11-12,14,47,10,432.6,181.24,4326.0,2513.6
230,2024-04-30,297,17,10,113.71,58.39,1137.1,553.2
231,2023-08-22,27,47,10,432.6,181.24,4326.0,2513.6
232,2024-05-06,269,11,10,100.18,42.51,1001.8,576.7
233,2025-03-04,76,25,4,397.08,217.5,1588.32,718.32
234,2023-02-02,57,37,4,266.2,163.0,1064.8,412.8
235,2023-01-20,161,29,7,220.21,123.05,1541.47,680.12
236,2023-06-05,105,27,7,471.5,300.86,3300.5,1194.48
237,2024-05-28,242,50,1,142.88,69.64,142.88,73.24
238,2024-12-23,266,9,4,26.51,14.87,106.04,46.56
239,2024-07-28,245,21,9,136.12,66.2,1225.08,629.28
240,2024-01-21,89,21,8,136.12,66.2,1088.96,559.36
241,2024-06-29,280,22,6,374.77,206.11,2248.62,1011.96
242,2024-11-23,136,50,10,142.88,69.64,1428.8,732.4
243,2024-05-10,127,13,5,142.6,88.77,713.0,269.15
244,2024-07-25,116,20,5,329.44,177.39,1647.2,760.25
245,2025-02-28,107,19,8,109.44,79.89,875.52,236.4
246,2023-11-21,179,31,9,314.52,218.46,2830.68,864.54
247,2025-03-25,141,47,5,432.6,181.24,2163.0,1256.8
248,2023-05-05,279,37,7,266.2,163.0,1863.4,722.4
249,2024-02-09,75,23,5,113.56,85.07,567.8,142.45
250,2023-02-13,41,19,6,109.44,79.89,656.64,177.3
251,2024-03-28,132,42,8,34.14,14.46,273.12,157.44
252,2023-08-08,276,13,5,142.6,88.77,713.0,269.15
253,2024-07-29,140,45,3,125.28,70.85,375.84,163.29
254,2023-04-22,123,40,4,127.71,53.95,510.84,295.04
255,2023-02-21,272,43,4,259.51,129.1,1038.04,521.64
256,2024-10-15,27,15,2,40.34,25.1,80.68,30.48
257,2024-02-28,242,22,2,374.77,206.11,749.54,337.32
258,2024-11-28,71,50,1,142.88,69.64,142.88,73.24
259,2024-07-17,209,11,8,100.18,42.51,801.44,461.36
260,2024-05-03,103,42,5,34.14,14.46,170.7,98.4
261,2023-11-25,31,19,2,109.44,79.89,218.88,59.1
262,2024-10-29,119,37,9,266.2,163.0,2395.8,928.8
263,2025-01-26,20,47,3,432.6,181.24,1297.8,754.08
264,2024-03-03,19,12,7,148.25,63.44,1037.75,593.67
265,2025-03-17,96,32,5,80.66,53.79,403.3,134.35
266,2025-06-16,5,3,5,20.73,8.97,103.65,58.8
267,2024-08-04,55,39,6,326.69,180.77,1960.14,875.52
268,2023-10-19,279,30,9,486.08,324.06,4374.72,1458.18
269,2024-05-20,259,9,8,26.51,14.87,212.08,93.12
270,2023-10-07,58,13,6,142.6,88.77,855.6,322.98
271,2023-06-16,235,47,5,432.6,181.24,2163.0,1256.8
272,2025-01-05,8,12,6,148.25,63.44,889.5,508.86
273,2025-03-20,291,19,4,109.44,79.89,437.76,118.2
274,2023-06-29,208,40,7,127.71,53.95,893.97,516.32
275,2024-06-11,45,21,7,136.12,66.2,952.84,489.44
276,2024-11-16,95,7,3,111.58,74.45,334.74,111.39
277,2024-05-03,128,21,1,136.12,66.2,136.12,69.92
278,2023-09-25,121,25,8,397.08,217.5,3176.64,1436.64
279,2025-02-10,169,18,5,411.79,280.74,2058.95,655.25
280,2024-08-19,294,47,1,432.6,181.24,432.6,251.36
281,2023-09-25,185,42,4,34.14,14.46,136.56,78.72
282,2023-03-05,61,43,8,259.51,129.1,2076.08,1043.28
283,2023-11-11,208,11,9,100.18,42.51,901.62,519.03
284,2024-12-21,160,50,2,142.88,69.64,285.76,146.48
285,2024-10-16,189,19,10,109.44,79.89,1094.4,295.5
286,2023-08-15,69,15,8,40.34,25.1,322.72,121.92
287,2023-06-06,192,30,7,486.08,324.06,3402.56,1134.14
288,2024-12-19,242,36,9,67.25,42.43,605.25,223.38
289,2025-04-01,112,43,4,259.51,129.1,1038.04,521.64
290,2024-11-27,42,49,9,99.84,58.68,898.56,370.44
291,2024-04-02,186,34,2,404.35,195.63,808.7,417.44
292,2024-07-31,32,8,9,52.87,36.83,475.83,144.36
293,2024-06-01,294,13,9,142.6,88.77,1283.4,484.47
294,2023-06-03,168,11,9,100.18,42.51,901.62,519.03
295,2024-03-28,106,8,10,52.87,36.83,528.7,160.4
296,2024-05-15,262,6,8,403.88,260.24,3231.04,1149.12
297,2025-04-08,233,4,3,18.14,8.52,54.42,28.86
298,2024-06-09,234,27,10,471.5,300.86,4715.0,1706.4
299,2023-03-01,237,36,5,67.25,42.43,336.25,124.1
300,2025-01-10,203,2,5,339.97,242.15,1699.85,489.1
301,2025-04-16,112,1,10,372.07,180.72,3720.7,1913.5
302,2023-03-16,217,3,6,20.73,8.97,124.38,70.56
303,2024-12-18,278,5,1,212.66,118.5,212.66,94.16
304,2023-03-12,17,31,5,314.52,218.46,1572.6,480.3
305,2024-02-23,70,12,7,148.25,63.44,1037.75,593.67
306,2024-01-19,230,25,7,397.08,217.5,2779.56,1257.06
307,2024-01-20,277,6,3,403.88,260.24,1211.64,430.92
308,2024-10-31,61,23,3,113.56,85.07,340.68,85.47
309,2024-07-04,271,26,3,299.96,169.12,899.88,392.52
310,2025-01-15,2,15,1,40.34,25.1,40.34,15.24
311,2023-11-02,279,30,7,486.08,324.06,3402.56,1134.14
312,2024-06-28,118,25,4,397.08,217.5,1588.32,718.32
313,2024-04-16,80,23,5,113.56,85.07,567.8,142.45
314,2023-07-13,58,47,1,432.6,181.24,432.6,251.36
315,2025-04-08,215,43,10,259.51,129.1,2595.1,1304.1
316,2025-02-23,124,2,4,339.97,242.15,1359.88,391.28
317,2023-03-10,18,7,8,111.58,74.45,892.64,297.04
318,2024-09-04,25,44,4,70.49,51.28,281.96,76.84
319,2025-01-28,206,3,8,20.73,8.97,165.84,94.08
320,2023-08-28,112,35,1,47.4,27.02,47.4,20.38
321,2023-05-24,149,33,4,301.48,172.15,1205.92,517.32
322,2025-04-15,295,47,6,432.6,181.24,2595.6,1508.16
323,2024-08-14,165,39,4,326.69,180.77,1306.76,583.68
324,2023-11-06,267,10,4,278.26,192.08,1113.04,344.72
325,2024-02-28,141,20,1,329.44,177.39,329.44,152.05
326,2024-07-24,90,38,7,366.32,172.32,2564.24,1358.0
327,2024-07-23,25,32,6,80.66,53.79,483.96,161.22
328,2024-10-20,196,43,9,259.51,129.1,2335.59,1173.69
329,2023-11-23,214,45,7,125.28,70.85,876.96,381.01
330,2023-06-02,193,20,3,329.44,177.39,988.32,456.15
331,2025-02-11,243,35,4,47.4,27.02,189.6,81.52
332,2025-05-19,154,15,3,40.34,25.1,121.02,45.72
333,2025-04-05,30,30,9,486.08,324.06,4374.72,1458.18
334,2024-02-27,286,27,9,471.5,300.86,4243.5,1535.76
335,2023-05-18,125,25,5,397.08,217.5,1985.4,897.9
336,2023-07-28,41,22,8,374.77,206.11,2998.16,1349.28
337,2025-05-17,48,24,9,379.11,265.9,3411.99,1018.89
338,2025-01-11,27,13,5,142.6,88.77,713.0,269.15
339,2024-01-22,21,44,2,70.49,51.28,140.98,38.42
340,2023-07-12,287,49,4,99.84,58.68,399.36,164.64
341,2024-05-05,171,14,5,180.86,114.77,904.3,330.45
342,2023-01-16,98,14,2,180.86,114.77,361.72,132.18
343,2025-02-03,246,49,4,99.84,58.68,399.36,164.64
344,2024-12-13,105,39,7,326.69,180.77,2286.83,1021.44
345,2023-09-03,165,36,5,67.25,42.43,336.25,124.1
346,2024-01-25,274,30,6,486.08,324.06,2916.48,972.12
347,2023-11-12,185,17,9,113.71,58.39,1023.39,497.88
348,2024-05-24,51,30,8,486.08,324.06,3888.64,1296.16
349,2025-02-18,105,21,6,136.12,66.2,816.72,419.52
350,2023-11-17,24,27,10,471.5,300.86,4715.0,1706.4
351,2025-06-03,75,15,1,40.34,25.1,40.34,15.24
352,2023-09-25,300,36,10,67.25,42.43,672.5,248.2
353,2025-01-07,152,27,3,471.5,300.86,1414.5,511.92
354,2023-07-20,118,22,7,374.77,206.11,2623.39,1180.62
355,2024-08-06,256,16,9,85.88,45.76,772.92,361.08
356,2024-11-01,173,44,5,70.49,51.28,352.45,96.05
357,2025-02-20,252,32,8,80.66,53.79,645.28,214.96
358,2023-06-22,181,47,3,432.6,181.24,1297.8,754.08
359,2023-05-24,280,47,8,432.6,181.24,3460.8,2010.88
360,2023-07-08,31,35,9,47.4,27.02,426.6,183.42
361,2023-02-04,25,5,1,212.66,118.5,212.66,94.16
362,2024-02-27,119,9,2,26.51,14.87,53.02,23.28
363,2024-12-25,5,10,4,278.26,192.08,1113.04,344.72
364,2024-06-01,192,30,1,486.08,324.06,486.08,162.02
365,2024-09-24,248,41,8,118.91,56.73,951.28,497.44
366,2023-01-17,273,1,9,372.07,180.72,3348.63,1722.15
367,2024-02-26,9,1,9,372.07,180.72,3348.63,1722.15
368,2025-01-09,275,18,5,411.79,280.74,2058.95,655.25
369,2023-01-18,221,33,3,301.48,172.15,904.44,387.99
370,2023-04-20,269,7,3,111.58,74.45,334.74,111.39
371,2023-09-04,270,13,5,142.6,88.77,713.0,269.15
372,2025-04-14,137,23,7,113.56,85.07,794.92,199.43
373,2023-03-22,208,24,8,379.11,265.9,3032.88,905.68
374,2024-08-01,116,16,5,85.88,45.76,429.4,200.6
375,2024-12-01,17,6,2,403.88,260.24,807.76,287.28
376,2024-02-20,194,25,9,397.08,217.5,3573.72,1616.22
377,2024-05-02,5,4,3,18.14,8.52,54.42,28.86
378,2023-03-26,223,32,6,80.66,53.79,483.96,161.22
379,2024-08-02,271,7,1,111.58,74.45,111.58,37.13
380,2023-08-24,291,14,8,180.86,114.77,1446.88,528.72
381,2023-10-05,39,3,5,20.73,8.97,103.65,58.8
382,2024-07-10,17,37,3,266.2,163.0,798.6,309.6
383,2025-05-20,9,21,4,136.12,66.2,544.48,279.68
384,2024-08-24,204,10,2,278.26,192.08,556.52,172.36
385,2023-11-03,289,11,4,100.18,42.51,400.72,230.68
386,2024-08-03,277,25,6,397.08,217.5,2382.48,1077.48
387,2024-01-29,72,49,2,99.84,58.68,199.68,82.32
388,2024-05-27,178,48,1,35.0,22.92,35.0,12.08
389,2023-04-11,119,28,2,376.68,252.0,753.36,249.36
390,2023-12-15,204,39,6,326.69,180.77,1960.14,875.52
391,2023-01-31,140,41,8,118.91,56.73,951.28,497.44
392,2024-05-17,183,15,9,40.34,25.1,363.06,137.16
393,2024-01-20,96,28,10,376.68,252.0,3766.8,1246.8
394,2024-11-07,44,25,10,397.08,217.5,3970.8,1795.8
395,2023-10-30,38,16,2,85.88,45.76,171.76,80.24
396,2023-10-02,195,10,3,278.26,192.08,834.78,258.54
397,2025-01-27,163,25,6,397.08,217.5,2382.48,1077.48
398,2023-04-20,3,6,5,403.88,260.24,2019.4,718.2
399,2024-03-31,139,24,2,379.11,265.9,758.22,226.42
400,2023-05-16,96,6,7,403.88,260.24,2827.16,1005.48
401,2024-04-04,285,36,9,67.25,42.43,605.25,223.38
402,2024-02-22,14,7,2,111.58,74.45,223.16,74.26
403,2023-12-29,48,36,10,67.25,42.43,672.5,248.2
404,2024-09-04,198,21,1,136.12,66.2,136.12,69.92
405,2023-10-26,199,27,2,471.5,300.86,943.0,341.28
406,2025-01-12,125,36,10,67.25,42.43,672.5,248.2
407,2024-06-17,195,11,3,100.18,42.51,300.54,173.01
408,2023-05-23,155,18,5,411.79,280.74,2058.95,655.25
409,2024-05-19,33,10,3,278.26,192.08,834.78,258.54
410,2024-03-21,216,18,5,411.79,280.74,2058.95,655.25
411,2024-05-10,185,5,5,212.66,118.5,1063.3,470.8
412,2023-09-10,254,47,10,432.6,181.24,4326.0,2513.6
413,2024-09-23,235,13,2,142.6,88.77,285.2,107.66
414,2023-05-19,4,20,7,329.44,177.39,2306.08,1064.35
415,2023-12-07,195,40,6,127.71,53.95,766.26,442.56
416,2024-03-26,221,22,10,374.77,206.11,3747.7,1686.6
417,2023-05-20,165,20,10,329.44,177.39,3294.4,1520.5
418,2024-12-12,246,13,6,142.6,88.77,855.6,322.98
419,2023-07-01,164,26,5,299.96,169.12,1499.8,654.2
420,2025-01-22,252,45,10,125.28,70.85,1252.8,544.3
421,2025-03-11,167,16,7,85.88,45.76,601.16,280.84
422,2023-10-15,187,26,2,299.96,169.12,599.92,261.68
423,2024-07-31,280,13,3,142.6,88.77,427.8,161.49
424,2024-11-29,282,50,1,142.88,69.64,142.88,73.24
425,2025-01-14,108,30,8,486.08,324.06,3888.64,1296.16
426,2025-03-27,36,19,7,109.44,79.89,766.08,206.85
427,2024-11-20,72,32,5,80.66,53.79,403.3,134.35
428,2023-09-05,79,17,7,113.71,58.39,795.97,387.24
429,2025-03-19,38,25,8,397.08,217.5,3176.64,1436.64
430,2024-09-04,299,31,7,314.52,218.46,2201.64,672.42
431,2024-07-01,215,33,9,301.48,172.15,2713.32,1163.97
432,2023-02-07,275,24,10,379.11,265.9,3791.1,1132.1
433,2024-10-15,56,6,4,403.88,260.24,1615.52,574.56
434,2024-11-04,182,43,3,259.51,129.1,778.53,391.23
435,2024-10-24,23,40,10,127.71,53.95,1277.1,737.6
436,2024-10-22,205,44,6,70.49,51.28,422.94,115.26
437,2025-03-26,55,28,1,376.68,252.0,376.68,124.68
438,2023-04-11,114,17,9,113.71,58.39,1023.39,497.88
439,2025-02-03,286,34,10,404.35,195.63,4043.5,2087.2
440,2024-12-05,114,37,8,266.2,163.0,2129.6,825.6
441,2024-01-19,238,26,10,299.96,169.12,2999.6,1308.4
442,2024-12-08,78,33,6,301.48,172.15,1808.88,775.98
443,2023-01-26,54,31,5,314.52,218.46,1572.6,480.3
444,2024-03-01,60,6,3,403.88,260.24,1211.64,430.92
445,2023-12-23,176,20,8,329.44,177.39,2635.52,1216.4
446,2025-03-14,267,14,8,180.86,114.77,1446.88,528.72
447,2023-12-23,50,31,8,314.52,218.46,2516.16,768.48
448,2025-01-09,232,45,6,125.28,70.85,751.68,326.58
449,2023-03-10,23,20,2,329.44,177.39,658.88,304.1
450,2023-01-24,56,22,3,374.77,206.11,1124.31,505.98
451,2025-01-28,265,16,3,85.88,45.76,257.64,120.36
452,2024-07-19,170,11,9,100.18,42.51,901.62,519.03
453,2024-03-12,119,30,7,486.08,324.06,3402.56,1134.14
454,2024-10-06,96,12,7,148.25,63.44,1037.75,593.67
455,2024-02-10,102,2,8,339.97,242.15,2719.76,782.56
456,2024-08-29,200,28,1,376.68,252.0,376.68,124.68
457,2024-12-22,106,14,5,180.86,114.77,904.3,330.45
458,2025-02-09,33,46,10,52.98,29.18,529.8,238.0
459,2023-04-15,96,35,6,47.4,27.02,284.4,122.28
460,2023-11-30,235,13,2,142.6,88.77,285.2,107.66
461,2023-09-26,251,43,9,259.51,129.1,2335.59,1173.69
462,2024-10-16,199,21,10,136.12,66.2,1361.2,699.2
463,2024-02-06,59,38,6,366.32,172.32,2197.92,1164.0
464,2023-12-27,89,30,5,486.08,324.06,2430.4,810.1
465,2024-09-21,44,38,3,366.32,172.32,1098.96,582.0
466,2023-11-17,123,8,5,52.87,36.83,264.35,80.2
467,2023-04-30,192,12,3,148.25,63.44,444.75,254.43
468,2024-06-07,215,25,10,397.08,217.5,3970.8,1795.8
469,2023-05-22,197,37,7,266.2,163.0,1863.4,722.4
470,2023-07-10,276,32,3,80.66,53.79,241.98,80.61
471,2024-07-22,251,11,5,100.18,42.51,500.9,288.35
472,2023-05-24,162,12,8,148.25,63.44,1186.0,678.48
473,2024-09-26,184,4,1,18.14,8.52,18.14,9.62
474,2024-05-11,100,9,7,26.51,14.87,185.57,81.48
475,2024-07-29,254,33,7,301.48,172.15,2110.36,905.31
476,2024-12-02,213,32,8,80.66,53.79,645.28,214.96
477,2024-05-15,43,11,10,100.18,42.51,1001.8,576.7
478,2023-02-01,113,49,5,99.84,58.68,499.2,205.8
479,2023-02-03,116,18,9,411.79,280.74,3706.11,1179.45
480,2023-10-23,235,11,10,100.18,42.51,1001.8,576.7
481,2025-01-30,254,50,9,142.88,69.64,1285.92,659.16
482,2024-06-07,294,8,2,52.87,36.83,105.74,32.08
483,2023-10-02,279,50,6,142.88,69.64,857.28,439.44
484,2024-07-09,22,49,8,99.84,58.68,798.72,329.28
485,2024-07-13,218,14,2,180.86,114.77,361.72,132.18
486,2025-01-23,127,42,5,34.14,14.46,170.7,98.4
487,2025-06-14,231,3,5,20.73,8.97,103.65,58.8
488,2023-12-23,225,6,2,403.88,260.24,807.76,287.28
489,2025-03-05,108,16,10,85.88,45.76,858.8,401.2
490,2024-12-06,220,23,3,113.56,85.07,340.68,85.47
491,2024-09-22,106,9,4,26.51,14.87,106.04,46.56
492,2025-04-04,292,4,6,18.14,8.52,108.84,57.72
493,2024-06-29,276,18,3,411.79,280.74,1235.37,393.15
494,2023-11-28,150,46,5,52.98,29.18,264.9,119.0
495,2024-08-09,264,18,2,411.79,280.74,823.58,262.1
496,2023-05-19,211,49,1,99.84,58.68,99.84,41.16
497,2023-10-11,65,42,3,34.14,14.46,102.42,59.04
498,2023-09-13,165,10,4,278.26,192.08,1113.04,344.72
499,2025-02-18,202,44,8,70.49,51.28,563.92,153.68
500,2023-05-26,138,37,7,266.2,163.0,1863.4,722.4
501,2024-01-20,39,29,2,220.21,123.05,440.42,194.32
502,2024-02-17,143,33,6,301.48,172.15,1808.88,775.98
503,2024-04-10,168,32,10,80.66,53.79,806.6,268.7
504,2023-01-03,48,50,8,142.88,69.64,1143.04,585.92
505,2024-10-12,184,43,2,259.51,129.1,519.02,260.82
506,2025-03-25,204,35,4,47.4,27.02,189.6,81.52
507,2024-03-15,254,14,5,180.86,114.77,904.3,330.45
508,2023-11-27,173,19,9,109.44,79.89,984.96,265.95
509,2024-08-14,290,9,8,26.51,14.87,212.08,93.12
510,2025-03-18,25,22,1,374.77,206.11,374.77,168.66
511,2023-04-12,236,41,1,118.91,56.73,118.91,62.18
512,2023-05-08,226,11,8,100.18,42.51,801.44,461.36
513,2023-01-01,104,28,3,376.68,252.0,1130.04,374.04
514,2024-10-27,82,20,5,329.44,177.39,1647.2,760.25
515,2023-04-06,185,42,5,34.14,14.46,170.7,98.4
516,2023-03-26,85,24,1,379.11,265.9,379.11,113.21
517,2024-02-10,157,41,4,118.91,56.73,475.64,248.72
518,2024-03-15,47,42,2,34.14,14.46,68.28,39.36
519,2023-01-02,245,14,2,180.86,114.77,361.72,132.18
520,2023-05-16,116,38,9,366.32,172.32,3296.88,1746.0
521,2024-11-27,5,29,1,220.21,123.05,220.21,97.16
522,2024-12-13,62,22,7,374.77,206.11,2623.39,1180.62
523,2024-12-11,245,9,2,26.51,14.87,53.02,23.28
524,2023-08-23,46,25,2,397.08,217.5,794.16,359.16
525,2023-04-16,189,21,5,136.12,66.2,680.6,349.6
526,2023-05-21,69,25,3,397.08,217.5,1191.24,538.74
527,2023-03-12,289,34,1,404.35,195.63,404.35,208.72
528,2024-09-16,85,42,8,34.14,14.46,273.12,157.44
529,2023-12-26,110,47,3,432.6,181.24,1297.8,754.08
530,2024-02-26,227,40,4,127.71,53.95,510.84,295.04
531,2023-03-30,72,7,2,111.58,74.45,223.16,74.26
532,2024-08-26,197,47,6,432.6,181.24,2595.6,1508.16
533,2024-03-15,72,21,4,136.12,66.2,544.48,279.68
534,2023-10-11,44,42,4,34.14,14.46,136.56,78.72
535,2024-07-20,146,39,1,326.69,180.77,326.69,145.92
536,2025-05-18,155,43,4,259.51,129.1,1038.04,521.64
537,2024-06-14,261,39,4,326.69,180.77,1306.76,583.68
538,2025-02-04,152,26,1,299.96,169.12,299.96,130.84
539,2025-03-13,254,16,7,85.88,45.76,601.16,280.84
540,2023-04-26,256,16,10,85.88,45.76,858.8,401.2
541,2023-03-14,7,34,6,404.35,195.63,2426.1,1252.32
542,2023-11-21,199,9,10,26.51,14.87,265.1,116.4
543,2024-03-06,280,24,3,379.11,265.9,1137.33,339.63
544,2025-02-20,38,31,1,314.52,218.46,314.52,96.06
545,2024-08-24,8,5,5,212.66,118.5,1063.3,470.8
546,2023-08-09,31,3,7,20.73,8.97,145.11,82.32
547,2024-06-02,257,19,7,109.44,79.89,766.08,206.85
548,2024-03-09,206,45,2,125.28,70.85,250.56,108.86
549,2024-10-17,276,35,10,47.4,27.02,474.0,203.8
550,2023-06-06,43,18,5,411.79,280.74,2058.95,655.25
551,2023-03-22,105,33,3,301.48,172.15,904.44,387.99
552,2024-07-03,201,21,10,136.12,66.2,1361.2,699.2
553,2024-10-11,34,49,5,99.84,58.68,499.2,205.8
554,2024-12-16,123,28,1,376.68,252.0,376.68,124.68
555,2023-09-08,223,6,2,403.88,260.24,807.76,287.28
556,2024-04-09,29,40,5,127.71,53.95,638.55,368.8
557,2024-11-13,90,48,2,35.0,22.92,70.0,24.16
558,2023-01-13,71,46,1,52.98,29.18,52.98,23.8
559,2023-06-17,178,32,9,80.66,53.79,725.94,241.83
560,2024-06-13,133,47,3,432.6,181.24,1297.8,754.08
561,2024-01-16,138,9,2,26.51,14.87,53.02,23.28
562,2025-02-28,172,2,7,339.97,242.15,2379.79,684.74
563,2023-10-06,33,34,5,404.35,195.63,2021.75,1043.6
564,2024-12-30,40,37,8,266.2,163.0,2129.6,825.6
565,2024-04-11,185,33,1,301.48,172.15,301.48,129.33
566,2024-05-26,86,37,6,266.2,163.0,1597.2,619.2
567,2023-06-11,53,17,10,113.71,58.39,1137.1,553.2
568,2024-11-21,60,47,4,432.6,181.24,1730.4,1005.44
569,2025-01-28,2,33,1,301.48,172.15,301.48,129.33
570,2025-05-29,126,1,1,372.07,180.72,372.07,191.35
571,2024-04-28,197,24,3,379.11,265.9,1137.33,339.63
572,2023-07-03,284,3,7,20.73,8.97,145.11,82.32
573,2023-08-18,128,21,7,136.12,66.2,952.84,489.44
574,2025-01-07,139,21,2,136.12,66.2,272.24,139.84
575,2024-08-08,62,24,9,379.11,265.9,3411.99,1018.89
576,2024-11-20,92,4,4,18.14,8.52,72.56,38.48
577,2025-04-03,24,34,7,404.35,195.63,2830.45,1461.04
578,2023-03-12,145,30,5,486.08,324.06,2430.4,810.1
579,2023-12-02,284,6,8,403.88,260.24,3231.04,1149.12
580,2023-01-09,103,24,5,379.11,265.9,1895.55,566.05
581,2024-07-31,125,20,8,329.44,177.39,2635.52,1216.4
582,2024-01-13,253,38,4,366.32,172.32,1465.28,776.0
583,2025-01-20,126,35,3,47.4,27.02,142.2,61.14
584,2023-01-07,13,27,4,471.5,300.86,1886.0,682.56
585,2024-07-08,5,23,6,113.56,85.07,681.36,170.94
586,2023-01-02,193,49,5,99.84,58.68,499.2,205.8
587,2023-04-17,272,14,4,180.86,114.77,723.44,264.36
588,2024-03-05,31,32,3,80.66,53.79,241.98,80.61
589,2024-12-29,48,18,1,411.79,280.74,411.79,131.05
590,2023-08-26,212,34,6,404.35,195.63,2426.1,1252.32
591,2024-04-14,44,48,10,35.0,22.92,350.0,120.8
592,2023-04-08,69,33,7,301.48,172.15,2110.36,905.31
593,2023-03-18,291,38,1,366.32,172.32,366.32,194.0
594,2024-03-21,67,43,4,259.51,129.1,1038.04,521.64
595,2023-10-26,162,17,7,113.71,58.39,795.97,387.24
596,2024-12-18,168,48,6,35.0,22.92,210.0,72.48
597,2024-04-08,120,18,2,411.79,280.74,823.58,262.1
598,2023-07-27,300,9,2,26.51,14.87,53.02,23.28
599,2023-06-09,85,7,8,111.58,74.45,892.64,297.04
600,2024-04-22,209,21,2,136.12,66.2,272.24,139.84
601,2024-07-02,107,23,8,113.56,85.07,908.48,227.92
602,2023-11-12,136,30,2,486.08,324.06,972.16,324.04
603,2023-04-03,156,11,10,100.18,42.51,1001.8,576.7
604,2023-02-11,168,14,3,180.86,114.77,542.58,198.27
605,2023-04-04,128,46,6,52.98,29.18,317.88,142.8
606,2024-02-10,26,33,5,301.48,172.15,1507.4,646.65
607,2023-09-24,16,12,7,148.25,63.44,1037.75,593.67
608,2025-05-25,285,29,9,220.21,123.05,1981.89,874.44
609,2023-09-13,237,7,2,111.58,74.45,223.16,74.26
610,2025-04-03,63,9,1,26.51,14.87,26.51,11.64
611,2023-03-05,114,50,3,142.88,69.64,428.64,219.72
612,2023-07-22,191,26,2,299.96,169.12,599.92,261.68
613,2024-08-19,133,38,2,366.32,172.32,732.64,388.0
614,2023-01-23,102,5,8,212.66,118.5,1701.28,753.28
615,2025-04-08,48,9,6,26.51,14.87,159.06,69.84
616,2023-05-06,237,3,1,20.73,8.97,20.73,11.76
617,2023-06-22,222,37,7,266.2,163.0,1863.4,722.4
618,2024-05-23,196,2,7,339.97,242.15,2379.79,684.74
619,2023-06-26,110,23,3,113.56,85.07,340.68,85.47
620,2023-10-09,229,18,3,411.79,280.74,1235.37,393.15
621,2023-02-05,126,40,5,127.71,53.95,638.55,368.8
622,2024-05-25,282,27,8,471.5,300.86,3772.0,1365.12
623,2023-03-04,144,6,7,403.88,260.24,2827.16,1005.48
624,2023-05-21,103,27,9,471.5,300.86,4243.5,1535.76
625,2023-09-13,279,41,1,118.91,56.73,118.91,62.18
626,2024-01-27,184,46,8,52.98,29.18,423.84,190.4
627,2024-07-11,177,32,10,80.66,53.79,806.6,268.7
628,2024-05-29,199,21,5,136.12,66.2,680.6,349.6
629,2023-07-04,164,2,10,339.97,242.15,3399.7,978.2
630,2023-08-13,144,2,1,339.97,242.15,339.97,97.82
631,2025-04-08,272,31,6,314.52,218.46,1887.12,576.36
632,2025-02-24,120,38,3,366.32,172.32,1098.96,582.0
633,2023-04-13,124,16,5,85.88,45.76,429.4,200.6
634,2024-06-30,29,48,4,35.0,22.92,140.0,48.32
635,2024-08-12,182,25,3,397.08,217.5,1191.24,538.74
636,2023-06-30,163,16,6,85.88,45.76,515.28,240.72
637,2024-08-28,181,2,10,339.97,242.15,3399.7,978.2
638,2024-07-31,289,10,4,278.26,192.08,1113.04,344.72
639,2025-05-06,278,32,5,80.66,53.79,403.3,134.35
640,2023-06-29,20,32,2,80.66,53.79,161.32,53.74
641,2023-02-27,113,15,1,40.34,25.1,40.34,15.24
642,2024-06-23,1,31,6,314.52,218.46,1887.12,576.36
643,2024-09-20,67,13,6,142.6,88.77,855.6,322.98
644,2025-01-04,166,12,1,148.25,63.44,148.25,84.81
645,2023-01-23,73,10,2,278.26,192.08,556.52,172.36
646,2025-05-16,187,34,2,404.35,195.63,808.7,417.44
647,2024-01-18,203,46,10,52.98,29.18,529.8,238.0
648,2023-04-14,155,22,6,374.77,206.11,2248.62,1011.96
649,2023-05-20,224,11,8,100.18,42.51,801.44,461.36
650,2024-10-26,90,21,9,136.12,66.2,1225.08,629.28
651,2024-12-11,183,40,4,127.71,53.95,510.84,295.04
652,2024-11-12,90,38,7,366.32,172.32,2564.24,1358.0
653,2023-11-11,151,47,3,432.6,181.24,1297.8,754.08
654,2023-07-01,1,47,10,432.6,181.24,4326.0,2513.6
655,2024-02-05,291,50,1,142.88,69.64,142.88,73.24
656,2023-07-06,163,39,10,326.69,180.77,3266.9,1459.2
657,2023-08-15,290,41,2,118.91,56.73,237.82,124.36
658,2024-05-23,170,10,2,278.26,192.08,556.52,172.36
659,2023-09-01,164,23,3,113.56,85.07,340.68,85.47
660,2024-10-13,172,6,8,403.88,260.24,3231.04,1149.12
661,2023-01-12,108,17,4,113.71,58.39,454.84,221.28
662,2024-12-10,180,5,5,212.66,118.5,1063.3,470.8
663,2025-03-16,1,7,1,111.58,74.45,111.58,37.13
664,2024-01-31,215,29,3,220.21,123.05,660.63,291.48
665,2024-02-28,194,32,6,80.66,53.79,483.96,161.22
666,2024-07-13,52,25,8,397.08,217.5,3176.64,1436.64
667,2025-03-18,116,37,3,266.2,163.0,798.6,309.6
668,2024-04-07,18,5,5,212.66,118.5,1063.3,470.8
669,2023-01-21,134,21,2,136.12,66.2,272.24,139.84
670,2023-03-17,88,22,7,374.77,206.11,2623.39,1180.62
671,2023-06-14,39,47,9,432.6,181.24,3893.4,2262.24
672,2023-04-06,248,22,1,374.77,206.11,374.77,168.66
673,2024-03-17,85,42,10,34.14,14.46,341.4,196.8
674,2024-03-20,28,11,2,100.18,42.51,200.36,115.34
675,2023-12-06,98,14,7,180.86,114.77,1266.02,462.63
676,2024-12-14,277,36,5,67.25,42.43,336.25,124.1
677,2024-11-07,153,19,4,109.44,79.89,437.76,118.2
678,2023-04-09,202,4,10,18.14,8.52,181.4,96.2
679,2024-07-16,79,32,1,80.66,53.79,80.66,26.87
680,2024-01-05,219,1,2,372.07,180.72,744.14,382.7
681,2023-10-29,246,43,4,259.51,129.1,1038.04,521.64
682,2023-04-10,106,2,3,339.97,242.15,1019.91,293.46
683,2024-10-15,42,19,8,109.44,79.89,875.52,236.4
684,2025-05-14,158,8,7,52.87,36.83,370.09,112.28
685,2024-04-27,136,32,2,80.66,53.79,161.32,53.74
686,2024-10-19,199,35,3,47.4,27.02,142.2,61.14
687,2024-01-15,190,25,3,397.08,217.5,1191.24,538.74
688,2024-04-01,135,3,8,20.73,8.97,165.84,94.08
689,2024-04-21,116,17,5,113.71,58.39,568.55,276.6
690,2024-07-31,78,4,2,18.14,8.52,36.28,19.24
691,2023-03-29,177,43,9,259.51,129.1,2335.59,1173.69
692,2024-02-28,117,49,9,99.84,58.68,898.56,370.44
693,2023-03-04,268,25,7,397.08,217.5,2779.56,1257.06
694,2024-07-02,244,44,10,70.49,51.28,704.9,192.1
695,2023-08-30,154,31,2,314.52,218.46,629.04,192.12
696,2024-02-09,18,46,9,52.98,29.18,476.82,214.2
697,2024-08-07,293,34,10,404.35,195.63,4043.5,2087.2
698,2023-05-31,230,8,3,52.87,36.83,158.61,48.12
699,2023-06-21,99,14,3,180.86,114.77,542.58,198.27
700,2023-02-13,41,28,7,376.68,252.0,2636.76,872.76
701,2023-07-26,76,41,10,118.91,56.73,1189.1,621.8
702,2023-09-22,35,21,2,136.12,66.2,272.24,139.84
703,2024-02-02,204,36,9,67.25,42.43,605.25,223.38
704,2023-11-30,267,18,8,411.79,280.74,3294.32,1048.4
705,2025-06-13,268,1,7,372.07,180.72,2604.49,1339.45
706,2023-04-26,77,27,3,471.5,300.86,1414.5,511.92
707,2024-08-03,299,38,2,366.32,172.32,732.64,388.0
708,2023-04-19,52,37,5,266.2,163.0,1331.0,516.0
709,2025-06-07,177,35,7,47.4,27.02,331.8,142.66
710,2023-09-28,249,25,10,397.08,217.5,3970.8,1795.8
711,2024-09-15,20,31,3,314.52,218.46,943.56,288.18
712,2023-10-10,74,26,10,299.96,169.12,2999.6,1308.4
713,2024-09-15,206,44,1,70.49,51.28,70.49,19.21
714,2024-02-10,122,22,1,374.77,206.11,374.77,168.66
715,2025-02-02,138,31,6,314.52,218.46,1887.12,576.36
716,2023-01-21,156,22,5,374.77,206.11,1873.85,843.3
717,2023-10-15,51,32,4,80.66,53.79,322.64,107.48
718,2023-05-18,227,20,6,329.44,177.39,1976.64,912.3
719,2023-10-03,214,47,10,432.6,181.24,4326.0,2513.6
720,2024-10-23,97,6,8,403.88,260.24,3231.04,1149.12
721,2023-08-05,249,27,9,471.5,300.86,4243.5,1535.76
722,2025-06-07,29,24,9,379.11,265.9,3411.99,1018.89
723,2025-03-21,34,11,5,100.18,42.51,500.9,288.35
724,2024-12-27,207,33,3,301.48,172.15,904.44,387.99
725,2025-03-10,292,34,1,404.35,195.63,404.35,208.72
726,2023-06-27,103,13,1,142.6,88.77,142.6,53.83
727,2023-09-13,234,3,1,20.73,8.97,20.73,11.76
728,2024-01-05,102,46,5,52.98,29.18,264.9,119.0
729,2024-01-13,259,30,7,486.08,324.06,3402.56,1134.14
730,2024-10-12,16,8,4,52.87,36.83,211.48,64.16
731,2024-01-17,229,32,3,80.66,53.79,241.98,80.61
732,2025-06-10,283,31,6,314.52,218.46,1887.12,576.36
733,2023-12-19,133,11,2,100.18,42.51,200.36,115.34
734,2023-10-19,198,2,1,339.97,242.15,339.97,97.82
735,2023-06-16,110,37,4,266.2,163.0,1064.8,412.8
736,2024-10-24,106,15,5,40.34,25.1,201.7,76.2
737,2024-10-29,263,27,1,471.5,300.86,471.5,170.64
738,2025-06-04,5,50,8,142.88,69.64,1143.04,585.92
739,2023-05-16,89,42,10,34.14,14.46,341.4,196.8
740,2025-03-31,115,1,5,372.07,180.72,1860.35,956.75
741,2024-09-14,141,20,7,329.44,177.39,2306.08,1064.35
742,2024-01-21,236,23,5,113.56,85.07,567.8,142.45
743,2023-08-12,155,30,9,486.08,324.06,4374.72,1458.18
744,2025-04-24,204,40,10,127.71,53.95,1277.1,737.6
745,2023-04-15,262,1,6,372.07,180.72,2232.42,1148.1
746,2024-07-28,145,42,5,34.14,14.46,170.7,98.4
747,2024-12-01,247,7,2,111.58,74.45,223.16,74.26
748,2023-12-11,167,18,5,411.79,280.74,2058.95,655.25
749,2023-09-25,153,42,4,34.14,14.46,136.56,78.72
750,2023-06-03,124,34,1,404.35,195.63,404.35,208.72
751,2025-04-04,207,39,6,326.69,180.77,1960.14,875.52
752,2024-11-28,14,9,8,26.51,14.87,212.08,93.12
753,2023-10-30,215,17,7,113.71,58.39,795.97,387.24
754,2024-02-02,19,48,10,35.0,22.92,350.0,120.8
755,2024-12-26,98,37,6,266.2,163.0,1597.2,619.2
756,2025-01-13,114,46,9,52.98,29.18,476.82,214.2
757,2024-10-15,184,31,9,314.52,218.46,2830.68,864.54
758,2023-11-04,286,11,3,100.18,42.51,300.54,173.01
759,2023-10-28,242,7,3,111.58,74.45,334.74,111.39
760,2025-01-28,287,17,3,113.71,58.39,341.13,165.96
761,2024-11-27,46,22,4,374.77,206.11,1499.08,674.64
762,2023-12-30,158,15,7,40.34,25.1,282.38,106.68
763,2025-03-18,191,22,5,374.77,206.11,1873.85,843.3
764,2024-08-22,238,19,2,109.44,79.89,218.88,59.1
765,2024-04-26,299,4,10,18.14,8.52,181.4,96.2
766,2024-09-27,242,5,4,212.66,118.5,850.64,376.64
767,2024-05-27,196,8,9,52.87,36.83,475.83,144.36
768,2023-11-02,28,27,3,471.5,300.86,1414.5,511.92
769,2023-05-21,176,13,7,142.6,88.77,998.2,376.81
770,2024-08-06,74,30,6,486.08,324.06,2916.48,972.12
771,2025-06-02,93,46,2,52.98,29.18,105.96,47.6
772,2024-05-14,91,22,6,374.77,206.11,2248.62,1011.96
773,2024-10-11,3,4,8,18.14,8.52,145.12,76.96
774,2023-10-08,87,14,10,180.86,114.77,1808.6,660.9
775,2025-02-21,251,11,2,100.18,42.51,200.36,115.34
776,2023-05-13,223,40,7,127.71,53.95,893.97,516.32
777,2024-02-18,245,28,7,376.68,252.0,2636.76,872.76
778,2023-01-05,274,3,4,20.73,8.97,82.92,47.04
779,2025-01-18,8,24,6,379.11,265.9,2274.66,679.26
780,2025-02-14,98,34,1,404.35,195.63,404.35,208.72
781,2024-11-23,128,1,4,372.07,180.72,1488.28,765.4
782,2024-12-11,160,23,3,113.56,85.07,340.68,85.47
783,2023-04-16,258,25,10,397.08,217.5,3970.8,1795.8
784,2023-11-10,34,11,1,100.18,42.51,100.18,57.67
785,2023-11-02,234,19,9,109.44,79.89,984.96,265.95
786,2024-09-02,173,34,7,404.35,195.63,2830.45,1461.04
787,2024-12-04,176,9,8,26.51,14.87,212.08,93.12
788,2024-01-03,97,49,3,99.84,58.68,299.52,123.48
789,2025-04-11,10,26,4,299.96,169.12,1199.84,523.36
790,2023-08-18,68,47,4,432.6,181.24,1730.4,1005.44
791,2025-01-21,259,2,3,339.97,242.15,1019.91,293.46
792,2023-05-07,20,24,7,379.11,265.9,2653.77,792.47
793,2025-06-16,131,41,9,118.91,56.73,1070.19,559.62
794,2024-09-30,25,4,2,18.14,8.52,36.28,19.24
795,2024-10-31,25,2,2,339.97,242.15,679.94,195.64
796,2024-03-02,195,29,2,220.21,123.05,440.42,194.32
797,2024-07-14,243,17,3,113.71,58.39,341.13,165.96
798,2023-07-30,5,45,5,125.28,70.85,626.4,272.15
799,2024-03-06,52,43,9,259.51,129.1,2335.59,1173.69
800,2023-10-04,71,40,7,127.71,53.95,893.97,516.32
801,2025-04-30,262,7,10,111.58,74.45,1115.8,371.3
802,2023-05-01,59,19,2,109.44,79.89,218.88,59.1
803,2024-05-24,103,13,5,142.6,88.77,713.0,269.15
804,2025-05-01,104,34,6,404.35,195.63,2426.1,1252.32
805,2024-12-21,152,27,3,471.5,300.86,1414.5,511.92
806,2023-02-10,255,36,4,67.25,42.43,269.0,99.28
807,2024-12-05,170,31,4,314.52,218.46,1258.08,384.24
808,2023-01-03,46,1,2,372.07,180.72,744.14,382.7
809,2025-05-05,253,37,3,266.2,163.0,798.6,309.6
810,2023-04-03,262,50,2,142.88,69.64,285.76,146.48
811,2025-01-10,52,47,5,432.6,181.24,2163.0,1256.8
812,2024-10-21,234,15,5,40.34,25.1,201.7,76.2
813,2023-09-28,26,30,2,486.08,324.06,972.16,324.04
814,2025-04-12,21,12,5,148.25,63.44,741.25,424.05
815,2024-01-04,161,44,7,70.49,51.28,493.43,134.47
816,2025-01-26,49,8,1,52.87,36.83,52.87,16.04
817,2023-01-10,88,9,6,26.51,14.87,159.06,69.84
818,2024-01-02,138,29,2,220.21,123.05,440.42,194.32
819,2024-01-17,94,22,2,374.77,206.11,749.54,337.32
820,2024-02-15,234,26,5,299.96,169.12,1499.8,654.2
821,2025-05-05,245,25,7,397.08,217.5,2779.56,1257.06
822,2024-10-26,58,11,3,100.18,42.51,300.54,173.01
823,2024-12-13,31,47,3,432.6,181.24,1297.8,754.08
824,2023-04-17,248,27,10,471.5,300.86,4715.0,1706.4
825,2024-11-25,93,29,10,220.21,123.05,2202.1,971.6
826,2024-01-24,184,50,10,142.88,69.64,1428.8,732.4
827,2023-01-30,67,44,8,70.49,51.28,563.92,153.68
828,2024-05-14,211,8,8,52.87,36.83,422.96,128.32
829,2023-02-17,134,5,6,212.66,118.5,1275.96,564.96
830,2023-01-13,269,46,10,52.98,29.18,529.8,238.0
831,2025-01-11,115,37,6,266.2,163.0,1597.2,619.2
832,2024-06-15,49,34,7,404.35,195.63,2830.45,1461.04
833,2024-11-08,128,47,8,432.6,181.24,3460.8,2010.88
834,2023-12-21,198,43,3,259.51,129.1,778.53,391.23
835,2025-05-09,28,36,1,67.25,42.43,67.25,24.82
836,2024-10-20,259,11,8,100.18,42.51,801.44,461.36
837,2025-05-22,85,32,2,80.66,53.79,161.32,53.74
838,2025-02-08,165,32,4,80.66,53.79,322.64,107.48
839,2023-12-05,26,18,9,411.79,280.74,3706.11,1179.45
840,2023-08-17,194,36,7,67.25,42.43,470.75,173.74
841,2025-04-16,41,16,8,85.88,45.76,687.04,320.96
842,2024-03-30,230,37,2,266.2,163.0,532.4,206.4
843,2025-05-27,229,32,6,80.66,53.79,483.96,161.22
844,2023-05-02,10,32,2,80.66,53.79,161.32,53.74
845,2024-02-18,19,27,9,471.5,300.86,4243.5,1535.76
846,2024-07-16,47,1,10,372.07,180.72,3720.7,1913.5
847,2024-09-25,156,41,9,118.91,56.73,1070.19,559.62
848,2024-07-29,234,14,6,180.86,114.77,1085.16,396.54
849,2024-01-08,115,4,8,18.14,8.52,145.12,76.96
850,2023-12-06,243,36,6,67.25,42.43,403.5,148.92
851,2025-01-03,59,29,2,220.21,123.05,440.42,194.32
852,2025-02-16,114,43,1,259.51,129.1,259.51,130.41
853,2023-12-16,150,23,9,113.56,85.07,1022.04,256.41
854,2024-06-18,55,24,1,379.11,265.9,379.11,113.21
855,2023-06-18,72,32,7,80.66,53.79,564.62,188.09
856,2023-04-20,101,17,4,113.71,58.39,454.84,221.28
857,2023-05-04,111,26,8,299.96,169.12,2399.68,1046.72
858,2025-04-24,174,13,2,142.6,88.77,285.2,107.66
859,2025-02-14,24,27,10,471.5,300.86,4715.0,1706.4
860,2023-05-07,231,50,8,142.88,69.64,1143.04,585.92
861,2024-11-05,259,38,3,366.32,172.32,1098.96,582.0
862,2024-05-25,272,1,1,372.07,180.72,372.07,191.35
863,2024-07-20,300,28,8,376.68,252.0,3013.44,997.44
864,2024-06-04,91,50,10,142.88,69.64,1428.8,732.4
865,2023-06-27,66,47,2,432.6,181.24,865.2,502.72
866,2024-02-01,165,43,9,259.51,129.1,2335.59,1173.69
867,2024-01-29,128,27,5,471.5,300.86,2357.5,853.2
868,2024-02-12,151,22,8,374.77,206.11,2998.16,1349.28
869,2025-04-04,71,9,7,26.51,14.87,185.57,81.48
870,2024-09-08,263,45,5,125.28,70.85,626.4,272.15
871,2025-05-13,281,45,6,125.28,70.85,751.68,326.58
872,2024-12-29,284,48,4,35.0,22.92,140.0,48.32
873,2023-07-25,149,14,6,180.86,114.77,1085.16,396.54
874,2024-11-19,92,9,9,26.51,14.87,238.59,104.76
875,2024-07-09,166,45,2,125.28,70.85,250.56,108.86
876,2025-02-18,288,23,8,113.56,85.07,908.48,227.92
877,2024-08-19,214,37,9,266.2,163.0,2395.8,928.8
878,2023-10-20,7,28,9,376.68,252.0,3390.12,1122.12
879,2023-04-20,196,2,3,339.97,242.15,1019.91,293.46
880,2023-02-24,29,43,4,259.51,129.1,1038.04,521.64
881,2023-10-01,83,49,5,99.84,58.68,499.2,205.8
882,2024-11-30,75,17,1,113.71,58.39,113.71,55.32
883,2024-12-08,105,19,9,109.44,79.89,984.96,265.95
884,2023-02-03,232,23,2,113.56,85.07,227.12,56.98
885,2024-09-22,288,44,4,70.49,51.28,281.96,76.84
886,2025-01-30,288,42,7,34.14,14.46,238.98,137.76
887,2023-09-01,148,33,1,301.48,172.15,301.48,129.33
888,2024-01-26,214,25,6,397.08,217.5,2382.48,1077.48
889,2024-07-19,7,4,5,18.14,8.52,90.7,48.1
890,2023-07-27,227,40,4,127.71,53.95,510.84,295.04
891,2024-10-10,189,46,10,52.98,29.18,529.8,238.0
892,2024-07-13,101,48,4,35.0,22.92,140.0,48.32
893,2023-10-29,91,29,2,220.21,123.05,440.42,194.32
894,2023-07-11,264,12,2,148.25,63.44,296.5,169.62
895,2024-01-22,220,3,5,20.73,8.97,103.65,58.8
896,2024-07-23,67,17,3,113.71,58.39,341.13,165.96
897,2024-08-21,3,17,6,113.71,58.39,682.26,331.92
898,2024-04-22,80,46,1,52.98,29.18,52.98,23.8
899,2023-06-07,27,21,10,136.12,66.2,1361.2,699.2
900,2025-05-13,155,43,8,259.51,129.1,2076.08,1043.28
901,2025-03-19,282,37,6,266.2,163.0,1597.2,619.2
902,2023-03-16,163,46,9,52.98,29.18,476.82,214.2
903,2023-08-14,267,12,2,148.25,63.44,296.5,169.62
904,2025-03-16,82,33,7,301.48,172.15,2110.36,905.31
905,2024-07-10,207,35,2,47.4,27.02,94.8,40.76
906,2023-12-24,110,15,6,40.34,25.1,242.04,91.44
907,2023-12-06,151,24,4,379.11,265.9,1516.44,452.84
908,2025-02-09,272,40,8,127.71,53.95,1021.68,590.08
909,2024-07-28,5,49,2,99.84,58.68,199.68,82.32
910,2024-11-15,229,23,4,113.56,85.07,454.24,113.96
911,2024-10-19,125,40,1,127.71,53.95,127.71,73.76
912,2024-11-29,196,21,2,136.12,66.2,272.24,139.84
913,2024-01-31,277,17,5,113.71,58.39,568.55,276.6
914,2023-01-26,192,34,9,404.35,195.63,3639.15,1878.48
915,2025-04-02,229,33,8,301.48,172.15,2411.84,1034.64
916,2023-02-14,99,19,6,109.44,79.89,656.64,177.3
917,2024-06-10,50,6,3,403.88,260.24,1211.64,430.92
918,2025-03-02,274,35,1,47.4,27.02,47.4,20.38
919,2024-10-03,108,5,4,212.66,118.5,850.64,376.64
920,2025-06-04,218,44,2,70.49,51.28,140.98,38.42
921,2023-07-30,223,35,2,47.4,27.02,94.8,40.76
922,2025-02-03,79,44,1,70.49,51.28,70.49,19.21
923,2024-04-15,170,46,1,52.98,29.18,52.98,23.8
924,2023-03-31,28,5,3,212.66,118.5,637.98,282.48
925,2025-03-24,286,17,2,113.71,58.39,227.42,110.64
926,2024-08-11,133,15,7,40.34,25.1,282.38,106.68
927,2024-02-02,208,29,7,220.21,123.05,1541.47,680.12
928,2023-11-20,200,2,2,339.97,242.15,679.94,195.64
929,2024-07-01,33,1,10,372.07,180.72,3720.7,1913.5
930,2023-02-16,38,45,6,125.28,70.85,751.68,326.58
931,2024-05-29,149,7,5,111.58,74.45,557.9,185.65
932,2024-09-13,145,6,8,403.88,260.24,3231.04,1149.12
933,2024-01-26,16,26,8,299.96,169.12,2399.68,1046.72
934,2023-06-10,113,35,3,47.4,27.02,142.2,61.14
935,2025-02-03,280,26,5,299.96,169.12,1499.8,654.2
936,2024-10-11,153,10,6,278.26,192.08,1669.56,517.08
937,2023-01-12,285,36,3,67.25,42.43,201.75,74.46
938,2023-05-07,3,3,10,20.73,8.97,207.3,117.6
939,2024-09-02,276,26,9,299.96,169.12,2699.64,1177.56
940,2023-03-29,108,20,6,329.44,177.39,1976.64,912.3
941,2023-08-05,263,27,3,471.5,300.86,1414.5,511.92
942,2023-06-14,114,12,10,148.25,63.44,1482.5,848.1
943,2025-05-04,100,17,2,113.71,58.39,227.42,110.64
944,2023-07-05,291,43,1,259.51,129.1,259.51,130.41
945,2025-05-21,282,49,8,99.84,58.68,798.72,329.28
946,2024-10-22,38,36,5,67.25,42.43,336.25,124.1
947,2024-11-18,129,5,2,212.66,118.5,425.32,188.32
948,2023-07-22,298,47,8,432.6,181.24,3460.8,2010.88
949,2023-12-05,66,23,4,113.56,85.07,454.24,113.96
950,2023-04-13,36,19,4,109.44,79.89,437.76,118.2
951,2023-11-22,231,32,6,80.66,53.79,483.96,161.22
952,2024-09-23,157,43,10,259.51,129.1,2595.1,1304.1
953,2023-06-06,291,37,6,266.2,163.0,1597.2,619.2
954,2025-04-07,220,21,3,136.12,66.2,408.36,209.76
955,2023-01-05,127,21,4,136.12,66.2,544.48,279.68
956,2024-12-30,224,48,5,35.0,22.92,175.0,60.4
957,2025-05-10,69,24,6,379.11,265.9,2274.66,679.26
958,2025-06-17,237,31,8,314.52,218.46,2516.16,768.48
959,2024-01-03,157,50,8,142.88,69.64,1143.04,585.92
960,2024-07-18,90,7,10,111.58,74.45,1115.8,371.3
961,2023-03-25,72,18,9,411.79,280.74,3706.11,1179.45
962,2023-07-21,40,17,2,113.71,58.39,227.42,110.64
963,2023-01-20,16,33,10,301.48,172.15,3014.8,1293.3
964,2024-08-15,109,26,1,299.96,169.12,299.96,130.84
965,2024-07-18,279,17,9,113.71,58.39,1023.39,497.88
966,2024-04-28,77,42,6,34.14,14.46,204.84,118.08
967,2024-02-06,149,15,3,40.34,25.1,121.02,45.72
968,2024-04-20,262,33,2,301.48,172.15,602.96,258.66
969,2024-02-11,258,24,1,379.11,265.9,379.11,113.21
970,2024-11-09,85,16,9,85.88,45.76,772.92,361.08
971,2023-05-24,82,29,3,220.21,123.05,660.63,291.48
972,2024-08-02,75,37,8,266.2,163.0,2129.6,825.6
973,2024-01-03,113,3,8,20.73,8.97,165.84,94.08
974,2023-08-26,136,5,6,212.66,118.5,1275.96,564.96
975,2023-08-28,106,3,9,20.73,8.97,186.57,105.84
976,2025-03-21,199,24,8,379.11,265.9,3032.88,905.68
977,2024-04-10,21,3,6,20.73,8.97,124.38,70.56
978,2023-04-16,267,46,5,52.98,29.18,264.9,119.0
979,2025-05-04,135,48,10,35.0,22.92,350.0,120.8
980,2024-07-11,90,37,7,266.2,163.0,1863.4,722.4
981,2024-10-31,188,25,10,397.08,217.5,3970.8,1795.8
982,2024-10-31,265,5,5,212.66,118.5,1063.3,470.8
983,2024-01-21,265,15,7,40.34,25.1,282.38,106.68
984,2023-12-28,250,23,8,113.56,85.07,908.48,227.92
985,2024-09-10,257,1,3,372.07,180.72,1116.21,574.05
986,2024-03-26,118,11,2,100.18,42.51,200.36,115.34
987,2024-06-10,144,42,4,34.14,14.46,136.56,78.72
988,2023-06-03,81,12,6,148.25,63.44,889.5,508.86
989,2024-09-08,61,46,4,52.98,29.18,211.92,95.2
990,2024-02-29,59,22,8,374.77,206.11,2998.16,1349.28
991,2024-11-22,246,31,4,314.52,218.46,1258.08,384.24
992,2024-08-27,211,11,1,100.18,42.51,100.18,57.67
993,2023-09-07,66,3,10,20.73,8.97,207.3,117.6
994,2024-08-29,69,11,9,100.18,42.51,901.62,519.03
995,2023-02-10,76,37,1,266.2,163.0,266.2,103.2
996,2023-06-20,93,17,9,113.71,58.39,1023.39,497.88
997,2024-02-20,289,39,1,326.69,180.77,326.69,145.92
998,2025-06-18,146,47,2,432.6,181.24,865.2,502.72
999,2023-08-10,242,29,8,220.21,123.05,1761.68,777.28
1000,2023-06-24,211,15,10,40.34,25.1,403.4,152.4
